Route_UID,Route_Name
1,102ADOWN
4,102AUP
5,102DOWN
10,102UP
29,107DOWN
30,107STLDOWN
32,107UP
51,113DOWN
54,113UP
67,114CSTLUP
69,114DOWN
70,114BSTL-RKD-IIDOWN
71,114BSTL-RKD-IIUP
72,114UP
73,116ADOWN2
74,116AUP2
83,120ADOWN
84,120AUP
89,123DOWN
90,123UP
92,125A-EXTUP
93,125EXTDOWN
112,131AUP2
113,131DOWN
116,131UP
117,133DOWN
118,133UP
119,135DOWN
123,136DOWN
126,136LINKSTL-BD-1UP
130,136UP
133,137DOWN
134,137STLDOWN
136,137UP
140,139UP
142,140UP
143,141DOWN
148,141UP
149,143DOWN
154,143UP
158,144STLDOWN
159,144STLUP
161,147DOWN
163,147LSTLUP
166,147UP
171,148STLUP
177,153DOWN
180,153UP
184,156UP
186,158UP
191,161DOWN
194,161UP
211,169DOWN
214,169UP
223,172DOWN
224,172EDOWN
237,174BSTLDOWN
238,174BSTLUP
239,174DOWN
241,174LSTLUP
244,174UP
251,179DOWN
252,179UP
263,188DOWN
264,188LINKSTLDOWN
268,188UP
270,191AUP2
271,191DOWN
273,191STLUP2
274,191UP
292,207DOWN
295,207UP
307,215AUP
308,215DOWN
309,215STLDOWN
313,215UP
314,217DOWN
352,254ADOWN
353,254AUP
354,254DOWN
355,254UP
374,267DOWN
390,281DOWN
399,307STLDOWN
406,311ADOWN
407,311AUP
408,317DOWN
411,317UP
440,354UP
447,359DOWN
448,359UP
477,408STLUP
488,419ADOWN
492,422DOWN
493,422UP
514,456DOWN
515,456UP
543,511DOWN
546,511UP
549,522BDOWN2
550,522BUP
565,539DOWN
568,539UP
584,546DOWN
601,568AUP
606,569DOWN
607,569UP
617,588LSTLDOWN
622,605DOWN
623,605UP
624,611BDOWN
625,611BUP
627,611ESTLDOWN
629,611STLDOWN
654,706ADOWN
655,706AUP
657,706UP
662,709ADOWN
664,709DOWN
670,712DOWN
674,715STLUP2
681,717CUP
684,717EDOWN
685,717EUP
686,717STLDOWN2
701,722UP
713,727UP
738,741DOWN
740,741STLUP
741,741UP
746,745DOWN
749,745UP
762,763DOWN
774,770CDOWN
775,770CUP
780,773DOWN
783,774BUP
784,774DOWN
785,774UP
786,775EDOWN
787,775EUP
789,775LINKSTLUP
797,780UP
800,781UP
805,783UP
808,784DOWN
811,784UP
830,794ADOWN2
835,801AUP
840,801STL-KAP-DWS-22UP
846,806STLUP
868,817NSTLDOWN
871,817UP
873,818AUP
876,819DOWN
879,819STLUP2
886,824DOWN
915,828DOWN
921,828LTDUP
929,833ADOWN
930,833AUP
941,835LSTLUP
945,836DOWN
956,838UP
967,847DOWN
969,849DOWN
970,849STLDOWN
971,849STLUP
975,850DOWN
980,850UP
982,858UP
1010,874EDOWN
1011,874EUP
1019,878DOWN
1020,878UP
1024,879STLDOWN
1032,885DOWN
1036,885STLUP
1050,890DOWN
1051,890UP
1059,892STLDOWN
1060,892STLUP
1064,893DOWN
1066,901ADOWN
1067,901AUP
1075,905STLUP
1088,919DOWN
1089,919STLDOWN
1091,919UP
1112,929DOWN
1113,929EDOWN
1114,929EUP
1115,929UP
1124,938BDOWN
1127,938BUP
1144,942DOWN
1151,943UP
1152,944ASTLDOWN
1154,944DOWN
1159,944UP
1162,945LINKSTLDOWN
1174,953LSTLUP
1175,953STLDOWN
1176,953STLUP
1178,954DOWN
1183,954UP
1188,956UP
1193,961DOWN
1201,962DOWN
1220,972EXTDOWN
1221,972EXTUP
1222,972EXUP
1233,979DOWN
1234,979LNKSTLDOWN
1236,979UP
1241,981DOWN
1244,981UP
1255,989DOWN
1258,989UP
1273,991DOWN
1274,991STLDOWN
1275,991STLUP
1276,991UP
1278,992ASTLUP
1293,AIRPORT-08DOWN
1302,CBD2(+)UP
1303,CBD2(-)DOWN
1304,CENTRAL_SECRETARIAT_CIRCULAR_SERVICE
1312,D-006DOWN
1313,D-006UP
1315,D-008STLUP
1316,D-008UP
1317,D-010DOWN
1318,D-010UP
1319,D-014DOWN
1321,D-014STLUP
1322,D-014UP
1323,D-018DOWN
1325,D-018STLUP
1326,D-018UP
1327,D-022DOWN
1328,D-022UP
1330,D-024UP
1331,D-026DOWN
1333,D-026STLUP
1334,D-026UP
1335,D-028DOWN
1336,D-028UP
1337,D-030DOWN
1338,D-030UP
1339,D-032DOWN
1340,D-032UP
1341,D-034DOWN
1342,D-034UP
1343,D-036DOWN
1344,D-036UP
1346,D-042DOWN
1347,D-042UP
1348,D-044STLDOWN
1351,D-046UP
1352,D-054DOWN
1356,D-060DOWN
1357,D-060UP
1361,D-040STL-KNDUP
1366,DW-2STL-DWS-22DOWN
1399,MC137UP
1404,MC715DOWN
1407,MC715UP
1408,ML06DOWN
1411,ML06UP
1412,ML96DOWN
1415,ML96UP
1416,OMS(+)BURARI-DHAULAKUAN
1443,RL-77BDOWN
1444,RL-77BUP
1455,YMSMINUS
1456,YMSPLUS
1467,03DOWN
1468,03UP
1503,100ADOWN
1506,100EXTUP
1507,103DOWN
1510,103UP
1513,106ADOWN
1514,106AUP
1515,106DOWN
1516,106UP
1519,108DOWN
1520,108UP
1521,109DOWN
1522,109UP
1523,112DOWN
1524,112UP
1526,113EXTDOWN
1527,113EXTUP
1529,114ADOWN
1530,114AUP
1531,114BDOWN
1534,114BUP
1535,114CDOWN
1536,114CUP
1547,116DOWN
1548,116UP
1551,118EXTDOWN
1552,118EXTUP
1553,119DOWN
1554,119UP
1557,120DOWN
1558,120EDOWN
1560,120UP
1563,124DOWN
1564,124UP
1565,125DOWN
1566,125UP
1575,130DOWN
1576,130UP
1590,138UP
1595,144ADOWN
1596,144AUP
1597,144DOWN
1598,144UP
1599,145DOWN
1606,148UP
1609,154DOWN
1610,154UP
1615,159DOWN
1616,159UP
1617,160DOWN
1619,162DOWN
1620,162UP
1625,165ADOWN
1626,165AUP
1627,165DOWN
1628,165UP
1629,166DOWN
1631,166UP
1640,173DOWN
1643,174STL-RKD-IIIDOWN
1644,174STL-RKD-IIIUP
1646,175DOWN
1647,175UP
1652,17DOWN
1653,17UP
1654,181ADOWN
1655,181AUP
1656,181DOWN
1657,181UP
1659,182AUP
1660,183DOWN
1661,183UP
1664,185DOWN
1665,185UP
1670,192DOWN
1671,192UP
1672,193DOWN
1673,193UP
1678,199DOWN
1679,199UP
1684,19DOWN
1685,19UP
1692,205DOWN
1693,205UP
1694,206ADOWN
1695,206AUP
1696,208ADOWN
1697,208AUP
1698,208DOWN
1699,208UP
1700,210DOWN
1701,210UP
1705,211BUP
1706,211DOWN
1707,211UP
1708,212DOWN
1709,212UP
1712,213DOWN
1713,213UP
1714,214DOWN
1715,214UP
1719,218DOWN
1720,218UP
1721,219DOWN
1724,219UP
1725,221DOWN
1726,221UP
1727,227ADOWN
1728,227AUP
1735,232DOWN
1736,232UP
1743,234DOWN
1744,234UP
1745,235DOWN
1749,236EXTUP
1750,236UP
1751,241DOWN
1755,244UP
1756,244DOWN
1759,247DOWN
1760,247UP
1761,248DOWN
1763,253DOWN
1764,253UP
1769,258DOWN
1772,258UP
1773,259DOWN
1775,261DOWN
1776,261UP
1785,273DOWN
1787,274DOWN
1788,274UP
1791,306DOWN
1792,306UP
1793,307ADOWN
1804,316UP
1807,318DOWN
1810,319AUP
1811,319DOWN
1812,319UP
1819,335DOWN
1825,33ADOWN
1826,33AUP
1829,33DOWN
1830,33UP
1831,340DOWN
1832,340UP
1835,344DOWN
1839,347DOWN
1840,347UP
1841,348DOWN
1842,348UP
1845,349DOWN
1847,34ADOWN
1849,34DOWN
1850,34UP
1855,353DOWN
1859,355DOWN
1864,356UP
1869,374DOWN
1873,378DOWN
1874,378UP
1877,391DOWN
1881,392DOWN
1882,392UP
1884,398UP
1885,39ADOWN
1886,39AUP
1887,39DOWN
1890,39UP
1893,402DOWN
1894,402UP
1895,403DOWN
1896,403UP
1899,405DOWN
1900,405UP
1906,410UP
1907,411DOWN
1908,411UP
1909,413DOWN
1910,413UP
1911,418ADOWN
1912,418AUP
1913,419DOWN
1914,419UP
1915,423DOWN
1916,423UP
1918,424UP
1919,425DOWN
1920,425UP
1923,427DOWN
1924,427UP
1925,428DOWN
1926,428UP
1927,429DOWN
1928,429UP
1929,433ADOWN
1931,433DOWN
1932,433UP
1933,434DOWN
1934,434UP
1935,440ADOWN
1936,440AUP
1937,440DOWN
1938,440UP
1941,442DOWN
1942,442UP
1945,443DOWN
1947,445ADOWN
1948,445AUP
1951,447DOWN
1952,447UP
1956,448BUP
1957,448DOWN
1958,448UP
1959,449DOWN
1961,450DOWN
1962,450UP
1964,451AUP
1965,460DOWN
1966,460UP
1967,463DOWN
1968,463UP
1969,465ADOWN
1970,465AUP
1971,465DOWN
1973,469DOWN
1974,469UP
1977,473DOWN
1978,473UP
1979,479DOWN
1981,47ADOWN
1982,47AUP
1987,492DOWN
1988,492UP
1990,493UP
1992,500UP
1995,502DOWN
1996,502UP
1999,505DOWN
2000,505UP
2007,511ADOWN
2008,511AUP
2012,512UP
2014,516UP
2015,517DOWN
2019,519DOWN
2020,519UP
2024,521UP
2030,522AUP
2031,522DOWN
2034,522UP
2035,523DOWN
2036,523UP
2037,525DOWN
2038,525STLDOWN
2039,525STLUP
2040,525UP
2045,534AUP
2048,534DOWN
2050,534UP
2053,539ADOWN
2054,539AUP
2062,540UP
2065,543ADOWN
2066,543AUP
2072,544AUP
2073,544DOWN
2074,544UP
2081,567ADOWN
2084,567AUP
2085,567DOWN
2089,568DOWN
2090,568UP
2097,578DOWN
2098,578UP
2105,604DOWN
2106,604UP
2111,610AUP
2114,610DOWN
2117,610UP
2119,611AUP
2123,611UP
2126,615DOWN
2130,620DOWN
2134,621DOWN
2135,621UP
2140,623DOWN
2141,623UP
2143,624AUP
2150,680DOWN
2151,680UP
2155,702UP
2156,703DOWN
2160,708DOWN
2161,708UP
2162,711ADOWN
2163,711AUP
2164,711DOWN
2165,711UP
2166,715DOWN
2167,715UP
2168,716DOWN
2169,716UP
2170,717ADOWN
2171,717AUP
2172,717BDOWN
2173,717BUP
2174,717DOWN
2175,717UP
2176,718DOWN
2179,718UP
2180,720DOWN
2182,721DOWN
2183,721UP
2186,723DOWN
2187,723UP
2188,724ADOWN
2189,724AUP
2192,724DOWN
2196,725DOWN
2204,729UP
2205,73DOWN
2206,73UP
2212,740EXTDOWN
2213,740EXTUP
2214,740UP
2223,752DOWN
2224,752UP
2225,753DOWN
2226,753UP
2227,761DOWN
2228,761UP
2229,764DOWN
2232,764UP
2234,765UP
2245,778DOWN
2246,778UP
2250,78DOWN
2251,78UP
2256,793DOWN
2257,793UP
2260,794DOWN
2261,794UP
2262,801-IGI-INDDOWN
2263,801-IND-IGIUP
2264,803DOWN
2271,808UP
2273,809UP
2276,813DOWN
2284,817NUP
2286,818DOWN
2287,818UP
2292,821DOWN
2296,825ADOWN
2297,825AUP
2298,825DOWN
2308,829DOWN
2309,829UP
2316,835DOWN
2317,835UP
2322,83DOWN
2324,840DOWN
2327,842UP
2332,848DOWN
2333,848UP
2340,85DOWN
2341,85EXTDOWN
2342,85EXTUP
2343,85UP
2345,861AUP
2357,873UP
2358,876DOWN
2362,879ADOWN
2363,879AUP
2364,879BDOWN
2366,879DOWN
2367,879UP
2368,882ADOWN
2369,882AUP
2372,883DOWN
2373,883UP
2376,887DOWN
2377,887UP
2378,889DOWN
2379,889UP
2382,891DOWN
2383,891UP
2386,894DOWN
2387,894UP
2390,8ADOWN
2391,8AUP
2392,8DOWN
2393,8UP
2394,901DOWN
2396,905DOWN
2398,906DOWN
2400,907DOWN
2402,908DOWN
2403,908UP
2404,910ADOWN
2406,910DOWN
2407,910UP
2408,911DOWN
2409,911UP
2411,912UP
2416,918DOWN
2417,918UP
2420,921DOWN
2430,925DOWN
2432,926DOWN
2433,926UP
2434,928DOWN
2435,928UP
2440,930DOWN
2442,931DOWN
2443,931UP
2447,934AUP
2448,934DOWN
2449,934UP
2450,935DOWN
2452,937ADOWN
2453,937AUP
2454,938ADOWN
2455,938AUP
2458,939DOWN
2459,939UP
2462,940DOWN
2465,940UP
2466,941DOWN
2474,946DOWN
2475,946UP
2479,947UP
2480,948DOWN
2481,948UP
2484,949DOWN
2486,949EXTUP
2487,949UP
2488,950DOWN
2493,953UP
2501,962AUP
2508,963DOWN
2512,966DOWN
2514,966EXTUP
2515,966UP
2516,968UP
2523,970DOWN
2524,970UP
2527,971DOWN
2530,971UP
2539,974DOWN
2541,975DOWN
2543,978DOWN
2544,978UP
2552,984AUP
2555,988DOWN
2556,988UP
2557,990ADOWN
2558,990AUP
2561,990DOWN
2562,990EXTDOWN
2563,990EXTUP
2564,990UP
2569,992UP
2573,AIRPORT-06UP
2582,AIRPORT-STLDOWN
2583,AIRPORT-STLUP
2586,ANAND VIHAR ISBT TO GURGAON UP
2589,BADARPUR BORDER TO GURGAON UP
2592,BAHADURGARH TO N.D.RLY. ST. G.-2 DOWN
2595,BYPASS EXPRESS DOWN
2596,BYPASS EXPRESS UP
2664,DW-5UP
2693,GL-23DOWN
2694,GL-23UP
2700,GRAMIN MUDRIKA (-) DOWN
2705,KARAM PURA TERMINAL TO BAHADURGARH UP
2713,N.D.RLY. ST. G.-2 TO BAHADURGARH UP
2717,OMS(-)DOWN
2726,RL-77EXTUP
2734,TMS(+)UP
2735,TMS(-)DOWN
2760,727BDOWN
2761,727BUP
2762,741BDOWN
2763,741BUP
2782,D-038DOWN
2783,D-038UP
2784,D-040DOWN
2787,D-040UP
2788,D-044DOWN
2789,D-044UP
2792,D-052DOWN
2793,D-052UP
2794,D-056DOWN
2796,D-056STLUP
2797,D-056UP
2798,D-058DOWN
2800,D-064UP
2801,D-068DOWN
2804,D-068UP
2805,D-070DOWN
2808,D-070UP
2811,D-072DOWN
2812,D-072UP
2813,D-074DOWN
2814,D-074UP
2817,OMSEV(-)BH
2822,120CDOWN
2826,168DOWN
2834,404DOWN
2837,605BUP
2838,715ADOWN
2848,913DOWN
2854,968DOWN
2861,990CDOWN
2862,990CUP
2863,992DOWN
2864,AIRPORT-EXP-04DOWN
2865,AIRPORT-EXP-04UP
2868,CBD CIRCULATOR-3 (+) UP
2869,CBD CIRCULATOR-3 (-) DOWN
2871,D-4401UP
2874,D-4403DOWN
2875,D-4403UP
2880,D-4501DOWN
2881,D-4501UP
2882,D-4502DOWN
2883,D-4502UP
2884,D-5401DOWN
2885,D-5401UP
2889,D-5501UP
2891,D-5502UP
2892,D-5503DOWN
2893,D-5503UP
2894,D-5504DOWN
2895,D-5504UP
2896,D-5505DOWN
2897,D-5505UP
2901,D-5507UP
2902,D-5508DOWN
2903,D-5508UP
2905,DCS(+)UP
2907,GUBHANA MAJRI TO TILAK NAGAR DOWN
2909,GURGAON TO KAROL BAGH DOWN
2910,GURGAON TO UTTAM NAGAR (T) DOWN
2914,NCR BAHADURGAR-GURUGRAM UP
2916,NCR JHAJJAR-NAJAFGARH DOWN
2917,NCR NAJAFGARH- JHAJJAR UP
2921,DCS(-)DOWN
2922,952ADOWN
2924,AIIMS BADSA TO NAJAFGARH TERMINAL
2925,NAJAFGARH TERMINAL TO AIIMS BADSA
2927,U-SPL-01DOWN
2936,U-SPL-05UP
2939,U-SPL-07DOWN
2945,U-SPL-10DOWN
2947,U-SPL-11DOWN
2949,U-SPL-12DOWN
2951,U-SPL-13DOWN
2969,U-SPL-22DOWN
2979,718STL-DWS-2UP
2981,727STLUP
2987,801STL-DW-2UP
2989,883STLUP
2997,D-0001UP
3002,D-0004DOWN
3003,D-0004UP
3004,D-0005DOWN
3006,D-1101(+)UP
3008,D-1102DOWN
3010,D-1103DOWN
3011,D-1103UP
3012,D-1104DOWN
3013,D-1104UP
3014,D-2001DOWN
3015,D-2001UP
3017,D-2203(-)DOWN
3018,D-3201DOWN
3019,D-3201UP
3020,D-3202DOWN
3021,D-3202UP
3022,D-3301DOWN
3023,D-3301UP
3024,D-3302DOWN
3025,D-3302UP
3026,D-3601DOWN
3029,D-3901UP
3030,D-4402(+)UP
3031,D-4402(-)DOWN
3032,D-4404(+)UP
3033,D-4404(-)DOWN
3034,D-4405(+)UP
3035,D-4405(-)DOWN
3037,D-6001UP
3039,D-6101UP
3040,D-6102DOWN
3041,D-6102UP
3042,D-6301DOWN
3043,D-6301UP
3047,D-6602UP
3048,D-6603DOWN
3049,D-6603UP
3050,D-6604(-)DOWN
3052,D-6901UP
3053,D-7101DOWN
3054,D-7101UP
3055,D-7102DOWN
3056,D-7102UP
3057,D-7103DOWN
3058,D-7103UP
3059,D-7104DOWN
3060,D-7104UP
3062,D-7701UP
3063,D-7702DOWN
3065,D-8701DOWN
3067,D-8702DOWN
3070,D-8801UP
3071,D-8803DOWN
3072,D-8803UP
3073,D-9101DOWN
3074,D-9101UP
3075,D-9102DOWN
3078,D-9601UP
3080,D-9901UP
3082,D-9902UP
3083,D-9903(+)UP
3084,D-9903(-)DOWN
3086,D-9904UP
3087,D-9905DOWN
3088,D-9905UP
3089,D-9906(+)UP
3090,D-9906(-)DOWN
3091,D-9907DOWN
3092,D-9907UP
3100,D-9911UP
3102,D-9912UP
3104,D-9913UP
3107,D-9915DOWN
3108,D-9915UP
3109,D-9916DOWN
3110,D-9916UP
3111,D-9917DOWN
3116,RL-77EXTSTL-DWS-22UP
3128,356LINKSTLUP
3147,511ASTLDOWN
3155,546AUP
3194,942STLUP
3201,D-0501DOWN
3202,D-0501UP
3205,D-2201DOWN
3206,D-2201UP
3207,D-2202DOWN
3208,D-2202UP
3211,D-4503DOWN
3212,D-4503UP
3214,D-5403UP
3221,D-5509(-)
3231,BARAUT TO MAHARANA PRATAP ISBT DOWN
3232,MAHARAN PRATAP ISBT TO SONIPAT BUS STAND UP
3233,MAHARANA PRATAP ISBT TO BARAUT UP
3238,D-004UP
3239,DHARUHERA TO DHAULA KUAN DOWN
3240,DHUALA KUAN TO DHARUHERA UP
3242,D-1901UP
3243,D-3303DOWN
3244,D-3303UP
3245,D-3304DOWN
3246,D-3304UP
3247,D-3305DOWN
3248,D-3305UP
3250,D-3902UP
3252,D-7901UP
3271,DS-19DOWN
3339,392STLUP
3340,429STLDOWN
3347,706STLUP
3348,73STL-GPDDOWN
3350,751ADOWN
3352,752ADOWN
3353,752AUP
3358,903STLUP
3359,944LINKSTLDOWN
3361,ANDHERIA BAGH MORE / CHHATARPUR METRO STATION - VASANT VIHAR METRO STATION DOWN
3364,D-2303DOWN
3365,D-2303UP
3367,D-578LINKSTLUP
3368,D-7701ADOWN
3369,D-7701AUP
3370,D-9918DOWN
3371,D-9918UP
3372,MAHARANA PRATAP ISBT TO ROHTAK NEW BUS STAND UP
3376,VASANT VIHAR METRO STATION - ANDHERIA BAGH MORE / CHHATARPUR METRO STATION  UP
3386,125STLUP
3390,159STL-SBPLDDOWN
3391,159STL-SBPLDUP
3394,17STLDOWN
3411,218CSTLDOWN
3416,234STLUP
3418,260DOWN
3422,270DOWN
3426,307BSTLUP
3430,317ASTLUP
3433,336DOWN
3434,336UP
3437,396DOWN
3442,403STLUP
3449,433BDOWN
3450,433BUP
3454,433EXTUP
3457,463STLDOWN
3467,507DOWN
3468,507UP
3472,529DOWN
3489,740CDOWN
3492,764BDOWN
3495,764BUP
3503,825ASTLUP
3507,832STLUP
3510,836STLDOWN
3524,918STL-NLDDOWN
3542,975STLUP
3543,978STLDOWN
3549,D-0002STLDOWN
3552,D-085UP
3553,D-091(-)UP
3554,D-123DOWN
3556,D-5101DOWN
3557,D-5101UP
3558,D-8802DOWN
3559,D-8802UP
3569,MAHARAN PRATAP ISBT TO PANIPAT NEW BUS STAND UP
3599,NANAKSAR TO OLD GAZIABAD BUS STANDUP
3600,OLD GAZIABAD BUS STAND TO NANAKSARDOWN
3639,422ADOWN
3640,422AUP
3646,D-7703UP
3651,158ASTL-BD-1UP
3654,212ADOWN
3655,212AUP
3656,246DOWN
3658,255DOWN
3659,255UP
3661,317ADOWN
3665,425CLDOWN
3673,548DOWN
3674,548UP
3678,73STL-HPDUP
3682,753BDOWN
3683,753BUP
3686,778STL-MPDDOWN
3687,778STL-MPDUP
3689,78STL-SPDDOWN
3691,78STL-WPDDOWN
3692,790ADOWN
3694,790DOWN
3696,806ADOWN
3697,806AUP
3701,827BSTL-KPDUP
3712,850EXTUP
3715,901CLDOWN
3716,901CLUP
3722,926STL-GHD-IDOWN
3723,932ADOWN
3744,D-2205(+)UP
3745,D-2205(-)DOWN
3748,D-3203DOWN
3749,D-3203UP
3752,D-9919DOWN
3753,D-9919UP
3759,433STL-KJDUP
3762,801-KAP-UTTDOWN
3763,801-UTT-KAPUP
3767,EXP-131UP
